x1,y1,z1,visibility1,x2,y2,z2,visibility2,x3,y3,z3,visibility3,x4,y4,z4,visibility4,x5,y5,z5,visibility5,x6,y6,z6,visibility6,x7,y7,z7,visibility7,x8,y8,z8,visibility8,x9,y9,z9,visibility9,x10,y10,z10,visibility10,x11,y11,z11,visibility11,x12,y12,z12,visibility12,x13,y13,z13,visibility13,x14,y14,z14,visibility14,x15,y15,z15,visibility15,x16,y16,z16,visibility16,x17,y17,z17,visibility17,x18,y18,z18,visibility18,x19,y19,z19,visibility19,x20,y20,z20,visibility20,x21,y21,z21,visibility21,x22,y22,z22,visibility22,x23,y23,z23,visibility23,x24,y24,z24,visibility24,x25,y25,z25,visibility25,x26,y26,z26,visibility26,x27,y27,z27,visibility27,x28,y28,z28,visibility28,x29,y29,z29,visibility29,x30,y30,z30,visibility30,x31,y31,z31,visibility31,x32,y32,z32,visibility32,x33,y33,z33,visibility33
-0.03149685263633728,-0.5703383088111877,-0.041207410395145416,0.9975674152374268,-0.023139312863349915,-0.6094685792922974,-0.06345821917057037,0.9982885718345642,-0.022575795650482178,-0.6097031831741333,-0.06269104778766632,0.9982323050498962,-0.022603556513786316,-0.6101651191711426,-0.06305892765522003,0.9988551139831543,-0.02219487726688385,-0.6101354956626892,-0.028454838320612907,0.9963840246200562,-0.021393656730651855,-0.6107257008552551,-0.029227789491415024,0.9944825172424316,-0.021357625722885132,-0.6122244596481323,-0.02861882373690605,0.9951578974723816,0.08157645165920258,-0.5996021032333374,-0.11457113921642303,0.9991304278373718,0.07752734422683716,-0.6152197122573853,0.03409317880868912,0.9915112853050232,0.014525115489959717,-0.5462740659713745,-0.05954580008983612,0.9985361099243164,0.012166604399681091,-0.5496222376823425,-0.015513107180595398,0.9953163862228394,0.1332535594701767,-0.45010533928871155,-0.19788245856761932,0.9999918937683105,0.11461565643548965,-0.4596712291240692,0.13447047770023346,0.997012734413147,0.06038043648004532,-0.2635238766670227,-0.28582021594047546,0.9961249232292175,0.08865335583686829,-0.23426444828510284,0.20238059759140015,0.010061436332762241,-0.06065676361322403,-0.11425293236970901,-0.2834438681602478,0.986422598361969,-0.0425763800740242,-0.0823909118771553,0.16220298409461975,0.015232319012284279,-0.08705944567918777,-0.05405520647764206,-0.31304869055747986,0.9692729711532593,-0.06982684135437012,-0.03215547651052475,0.1759505569934845,0.024576395750045776,-0.12046802788972855,-0.06211532652378082,-0.30445021390914917,0.9666129946708679,-0.08872582763433456,-0.03701994568109512,0.15050649642944336,0.024759991094470024,-0.07681624591350555,-0.1041533499956131,-0.2779715657234192,0.9369300007820129,-0.05083126574754715,-0.0703188106417656,0.1497221440076828,0.028475183993577957,0.02959626354277134,0.023876875638961792,-0.1002902165055275,0.9998483657836914,-0.029155148193240166,-0.024286694824695587,0.10166878998279572,0.9990410208702087,-0.20140959322452545,0.3003099262714386,-0.19423381984233856,0.9500834345817566,-0.26124095916748047,0.043557219207286835,0.08153697103261948,0.39066043496131897,-0.000555768609046936,0.5651214122772217,-0.06758389621973038,0.8775243759155273,-0.19830533862113953,0.3827139139175415,0.16377152502536774,0.31462928652763367,0.029008403420448303,0.5998916625976562,-0.05514412000775337,0.9032183885574341,-0.19471798837184906,0.42379525303840637,0.17110083997249603,0.5304833054542542,-0.010393738746643066,0.6982918977737427,-0.06705033034086227,0.8682780861854553,-0.26639941334724426,0.49248552322387695,0.16170047223567963,0.37067413330078125
-0.06585067510604858,-0.57720947265625,-0.036033254116773605,0.9975257515907288,-0.06369121372699738,-0.6144319176673889,-0.05990729108452797,0.9982165098190308,-0.06322893500328064,-0.6146231293678284,-0.05928873270750046,0.9981521964073181,-0.06337357312440872,-0.6151669025421143,-0.05959782376885414,0.9987837076187134,-0.05693655461072922,-0.6151518225669861,-0.0245028305798769,0.9963415861129761,-0.0562005415558815,-0.6157861351966858,-0.02528749778866768,0.9944605827331543,-0.056266818195581436,-0.6173104643821716,-0.024708420038223267,0.9951360821723938,0.033916544169187546,-0.6054317355155945,-0.11583297699689865,0.99909508228302,0.05073215812444687,-0.6241356134414673,0.03398159518837929,0.9916032552719116,-0.021342139691114426,-0.5551180243492126,-0.05735333263874054,0.9984407424926758,-0.017896410077810287,-0.5590000748634338,-0.01293761283159256,0.9952297210693359,0.09500589966773987,-0.4511825740337372,-0.19850090146064758,0.9999900460243225,0.1167156770825386,-0.4682052731513977,0.12911704182624817,0.997155487537384,0.029843350872397423,-0.2511815130710602,-0.2770704925060272,0.9943735599517822,0.12078665941953659,-0.23434273898601532,0.1884329915046692,0.010777439922094345,-0.09403950721025467,-0.11081340163946152,-0.22839082777500153,0.9772199988365173,-0.008554377593100071,-0.09515586495399475,0.15528623759746552,0.015210023149847984,-0.12387126684188843,-0.053527217358350754,-0.24790973961353302,0.9550279378890991,-0.03465138375759125,-0.05196519196033478,0.16670668125152588,0.024368343874812126,-0.1451200693845749,-0.0625181645154953,-0.24291057884693146,0.9513702988624573,-0.05062522366642952,-0.062081094831228256,0.1448560357093811,0.024575471878051758,-0.10714241862297058,-0.10255290567874908,-0.22339293360710144,0.9164416193962097,-0.017137935385107994,-0.08690077066421509,0.1435544192790985,0.028249090537428856,0.02008197270333767,0.022160053253173828,-0.10060828924179077,0.999821126461029,-0.019597211852669716,-0.022551439702510834,0.10192912817001343,0.9989978075027466,-0.15946105122566223,0.29610559344291687,-0.12938322126865387,0.9300425052642822,-0.16176645457744598,0.1775224506855011,0.1251559555530548,0.3793884515762329,-0.023267924785614014,0.562470018863678,0.010902918875217438,0.8448860049247742,-0.11750666052103043,0.5313461422920227,0.23402394354343414,0.3079933822154999,-0.005748034454882145,0.5972272157669067,0.021766262128949165,0.880596935749054,-0.1197628453373909,0.5740774869918823,0.24285297095775604,0.5245436429977417,-0.05793260782957077,0.6588801741600037,-0.00602358765900135,0.8472066521644592,-0.2137443721294403,0.6184013485908508,0.21934743225574493,0.3708566129207611
-0.055074967443943024,-0.5264776349067688,0.01917487196624279,0.9976043701171875,-0.060222286731004715,-0.5667210817337036,0.004736266098916531,0.9981927275657654,-0.0596095435321331,-0.5667705535888672,0.00569574162364006,0.9981688261032104,-0.05966180935502052,-0.5675452351570129,0.0053903465159237385,0.9987978935241699,-0.052917033433914185,-0.565597653388977,0.03704763948917389,0.9964002370834351,-0.052132464945316315,-0.5660972595214844,0.036348894238471985,0.9946235418319702,-0.05209246650338173,-0.5675445199012756,0.03675449267029762,0.9951894283294678,0.040923822671175,-0.5739061236381531,-0.0412743017077446,0.9990580081939697,0.0461973212659359,-0.5849231481552124,0.09161609411239624,0.991571307182312,-0.010419556871056557,-0.5113549828529358,0.0021910134237259626,0.9984288215637207,-0.01126822642982006,-0.512056291103363,0.0410805344581604,0.9951111078262329,0.11119864881038666,-0.42834416031837463,-0.1352192759513855,0.9999909400939941,0.10786161571741104,-0.4333581328392029,0.18080461025238037,0.997040867805481,0.10299655795097351,-0.21345072984695435,-0.22208788990974426,0.9945622086524963,0.13288001716136932,-0.19736191630363464,0.2200590819120407,0.011451947502791882,-0.004396047443151474,-0.009014967828989029,-0.23869290947914124,0.9783835411071777,0.031723491847515106,-0.0010501031065359712,0.16429582238197327,0.01601289212703705,-0.03254661336541176,0.05818159878253937,-0.2547229826450348,0.9566313624382019,0.01529194787144661,0.05572100728750229,0.1802390068769455,0.024640260264277458,-0.07946201413869858,0.060461416840553284,-0.25618940591812134,0.9530369639396667,-0.01834752969443798,0.06500058621168137,0.158070370554924,0.024808676913380623,-0.027070267125964165,0.007237468380481005,-0.2333117425441742,0.9188375473022461,0.019313912838697433,0.017535779625177383,0.1530376523733139,0.02850523218512535,0.020151877775788307,0.015536113642156124,-0.10114915668964386,0.99982750415802,-0.019771382212638855,-0.015893984586000443,0.10255314409732819,0.9990088939666748,-0.3636838495731354,0.052160877734422684,-0.13920386135578156,0.9342181086540222,-0.27483391761779785,0.022788003087043762,0.11859417706727982,0.3821558952331543,-0.7006015181541443,0.18657004833221436,-0.12683530151844025,0.8577144742012024,-0.4888957142829895,0.22041542828083038,0.17523707449436188,0.3142085671424866,-0.7397284507751465,0.20424515008926392,-0.13166311383247375,0.8878136873245239,-0.5211633443832397,0.2425646036863327,0.1786016821861267,0.5224435925483704,-0.8575766682624817,0.13281945884227753,-0.21539321541786194,0.8582665920257568,-0.6103062629699707,0.18427951633930206,0.14298409223556519,0.3783748745918274
-0.048158854246139526,-0.5096493363380432,0.007947261445224285,0.9976209998130798,-0.059137701988220215,-0.5508748888969421,-0.0008333978476002812,0.998117208480835,-0.058365851640701294,-0.5509456992149353,9.385114390170202e-05,0.9981258511543274,-0.05823081359267235,-0.5517035126686096,7.267499313456938e-05,0.9987709522247314,-0.050791773945093155,-0.5490947961807251,0.029443616047501564,0.9963036179542542,-0.04993313550949097,-0.5496373772621155,0.028882285580039024,0.9946114420890808,-0.049890827387571335,-0.5511288046836853,0.029050007462501526,0.9950547218322754,0.04579094797372818,-0.5593820214271545,-0.0431472584605217,0.999000072479248,0.04853079468011856,-0.5694783926010132,0.08014236390590668,0.9912718534469604,-0.0008140351274050772,-0.49467313289642334,-0.008622165769338608,0.9984411001205444,-0.0031119752675294876,-0.49497488141059875,0.028070542961359024,0.9951334595680237,0.13558189570903778,-0.4073134958744049,-0.14484308660030365,0.9999917149543762,0.10772538930177689,-0.4245200455188751,0.16454772651195526,0.9971174597740173,0.11860378086566925,-0.18380415439605713,-0.23463565111160278,0.9944934844970703,0.12701407074928284,-0.18645724654197693,0.18325892090797424,0.012550580315291882,0.031180888414382935,0.016747208312153816,-0.24356573820114136,0.9782430529594421,0.01645231805741787,0.0032984083518385887,0.10877452790737152,0.017729049548506737,0.009207013994455338,0.0866689383983612,-0.2635210156440735,0.9558925628662109,-0.003460540669038892,0.06550432741641998,0.12302375584840775,0.025947734713554382,-0.03414597734808922,0.0862903892993927,-0.26355892419815063,0.9524625539779663,-0.02811427414417267,0.06885500997304916,0.0999373123049736,0.026202216744422913,0.010889480821788311,0.032070714980363846,-0.23580658435821533,0.9180789589881897,0.005759395658969879,0.020711451768875122,0.0961807444691658,0.030119676142930984,0.01988624967634678,0.015403319150209427,-0.10139968246221542,0.9998276829719543,-0.019595609977841377,-0.0157572440803051,0.10284830629825592,0.9989768862724304,-0.32421985268592834,-0.003543144790455699,-0.13324902951717377,0.9318594932556152,-0.31997278332710266,-0.05840978026390076,0.11097759008407593,0.3797462582588196,-0.6377450227737427,0.09856978803873062,-0.12296915054321289,0.8676787614822388,-0.5854653716087341,0.06569010764360428,0.16171646118164062,0.31925973296165466,-0.6740283966064453,0.11008621752262115,-0.12674948573112488,0.8907964825630188,-0.6219155788421631,0.07701258361339569,0.16346025466918945,0.5244132876396179,-0.7759652137756348,0.012654597871005535,-0.2047453373670578,0.8664057850837708,-0.7012819051742554,-0.0035473655443638563,0.12927144765853882,0.3852999210357666
-0.017347149550914764,-0.501981258392334,0.037805210798978806,0.9977843761444092,-0.022379348054528236,-0.5394972562789917,0.02844308130443096,0.9982213973999023,-0.02184242755174637,-0.5396694540977478,0.029286116361618042,0.9982384443283081,-0.02228725515305996,-0.5404723882675171,0.029073728248476982,0.9988431930541992,-0.022199755534529686,-0.5377625823020935,0.06090095639228821,0.9965779781341553,-0.021457457914948463,-0.5383443236351013,0.060166556388139725,0.9950467348098755,-0.021492773666977882,-0.5398694276809692,0.060578085482120514,0.9954370260238647,0.06948206573724747,-0.5390966534614563,-0.006329209543764591,0.9990231394767761,0.06024995818734169,-0.5522892475128174,0.1275157928466797,0.9918911457061768,0.02965046837925911,-0.4852125644683838,0.023947173729538918,0.9985157251358032,0.02359945885837078,-0.4862973690032959,0.06250163167715073,0.9953968524932861,0.15739458799362183,-0.38360410928726196,-0.09224984794855118,0.9999920725822449,0.11834557354450226,-0.3962305188179016,0.20604845881462097,0.9972468018531799,0.15477532148361206,-0.15188637375831604,-0.1587475836277008,0.9934008717536926,0.17932945489883423,-0.13707484304904938,0.23349860310554504,0.013456816785037518,0.09233508259057999,0.049182526767253876,-0.17721162736415863,0.9712204337120056,0.07976517826318741,0.055822618305683136,0.15536487102508545,0.018404537811875343,0.07164406776428223,0.1132703348994255,-0.2117857038974762,0.9430971741676331,0.06330658495426178,0.11665178090333939,0.1686033308506012,0.026242870837450027,0.03549753874540329,0.11778818070888519,-0.19804100692272186,0.9390305280685425,0.02856464870274067,0.12006976455450058,0.1499878615140915,0.026388758793473244,0.07548142224550247,0.06504040956497192,-0.17254942655563354,0.9021451473236084,0.06797691434621811,0.07272102683782578,0.14474062621593475,0.030214937403798103,0.020062265917658806,0.013935490511357784,-0.10159803926944733,0.9998127818107605,-0.01980040967464447,-0.014315039850771427,0.10312804579734802,0.9989149570465088,-0.36439576745033264,-0.07761193811893463,-0.13581199944019318,0.9325605630874634,-0.36003661155700684,-0.09430456906557083,0.06221183389425278,0.36582866311073303,-0.7135969996452332,-0.027646997943520546,-0.17872974276542664,0.8765432834625244,-0.6957593560218811,-0.03189469873905182,0.06865152716636658,0.3073657751083374,-0.7509370446205139,-0.021923551335930824,-0.1844835877418518,0.8948760628700256,-0.7378324866294861,-0.02768883667886257,0.0667930468916893,0.5008028149604797,-0.8248287439346313,-0.12235401570796967,-0.2614065408706665,0.8748010396957397,-0.8024051189422607,-0.11502280831336975,0.018182169646024704,0.3757391571998596
0.0006698951474390924,-0.4741255044937134,0.04905575141310692,0.9975683689117432,-0.003749395487830043,-0.5118935704231262,0.04245922714471817,0.997722327709198,-0.0033788022119551897,-0.5119841694831848,0.04331811144948006,0.997807502746582,-0.003936512861400843,-0.5129353404045105,0.04316052421927452,0.998543918132782,-0.007480723783373833,-0.507659375667572,0.07218579202890396,0.9962191581726074,-0.006809998769313097,-0.5082196593284607,0.07138746976852417,0.9948059916496277,-0.0070107970386743546,-0.5096925497055054,0.07180096954107285,0.9951364994049072,0.07865285128355026,-0.5226341485977173,0.01996053382754326,0.9982917308807373,0.06184008717536926,-0.5251865386962891,0.14252853393554688,0.9909858107566833,0.04632895812392235,-0.4618792235851288,0.04000664874911308,0.997969925403595,0.037414491176605225,-0.4597597122192383,0.07528741657733917,0.9943261742591858,0.17686727643013,-0.3757301867008209,-0.0589040145277977,0.9999921321868896,0.11870095878839493,-0.3653486669063568,0.20962843298912048,0.9971737861633301,0.17440153658390045,-0.14114679396152496,-0.11774393916130066,0.9919203519821167,0.16438204050064087,-0.10421853512525558,0.23966459929943085,0.015919974073767662,0.09129910916090012,0.04397439584136009,-0.1442634016275406,0.9591873288154602,0.06746629625558853,0.07917658984661102,0.16761775314807892,0.019307628273963928,0.0604301355779171,0.10401295870542526,-0.18083930015563965,0.9229850172996521,0.05092668533325195,0.13953854143619537,0.17355868220329285,0.026592407375574112,0.02629438228905201,0.10171622782945633,-0.1676800549030304,0.9185569882392883,0.02324296161532402,0.13501925766468048,0.15818463265895844,0.0266023688018322,0.07239501923322678,0.0576789453625679,-0.14234422147274017,0.8773983120918274,0.05805009976029396,0.09369636327028275,0.15817470848560333,0.03029479831457138,0.020646724849939346,0.009035730734467506,-0.1012435257434845,0.9997360706329346,-0.02059551328420639,-0.009558023884892464,0.10286615043878555,0.9986538887023926,-0.34202316403388977,-0.09650667756795883,-0.13318148255348206,0.9300978779792786,-0.37790465354919434,-0.12193169444799423,0.05751476436853409,0.3477424383163452,-0.6450329422950745,-0.01801767572760582,-0.14984308183193207,0.8769305944442749,-0.7087236046791077,-0.04650379717350006,0.08774849772453308,0.2904263734817505,-0.6779659986495972,-0.006066084839403629,-0.149205282330513,0.8887251019477844,-0.74990314245224,-0.03815329074859619,0.08923827111721039,0.47293028235435486,-0.7629836797714233,-0.09298374503850937,-0.2057316154241562,0.8701062798500061,-0.823575496673584,-0.12333044409751892,0.05268917232751846,0.35297518968582153
0.01175246387720108,-0.4608989953994751,0.04661739617586136,0.9977282285690308,0.007614798378199339,-0.5031856894493103,0.0380663126707077,0.9978622198104858,0.007992701604962349,-0.5032300353050232,0.038976021111011505,0.9979463815689087,0.0075128041207790375,-0.5040252208709717,0.03883524239063263,0.9986328482627869,0.0016498028999194503,-0.49627685546875,0.06847099959850311,0.9964719414710999,0.0022411206737160683,-0.4967716634273529,0.06778424233198166,0.9951770901679993,0.0021059911232441664,-0.4982914924621582,0.06832247972488403,0.9954902529716492,0.09381716698408127,-0.521700382232666,0.014051909558475018,0.998385488986969,0.06648005545139313,-0.5121280550956726,0.14241202175617218,0.9916518926620483,0.060951922088861465,-0.449714332818985,0.03720398619771004,0.9981079697608948,0.04942197725176811,-0.4442916214466095,0.07422889024019241,0.9946820735931396,0.20854012668132782,-0.37620973587036133,-0.04907001554965973,0.9999927282333374,0.11826060712337494,-0.3531898558139801,0.2114056795835495,0.9972777962684631,0.23174253106117249,-0.15497641265392303,-0.12204038351774216,0.9923384189605713,0.16096767783164978,-0.09442701935768127,0.27312809228897095,0.019534025341272354,0.1507163792848587,0.0303594209253788,-0.1749132126569748,0.9606107473373413,0.05456579849123955,0.06703700125217438,0.22336821258068085,0.023417269811034203,0.11886349320411682,0.0938928872346878,-0.21097604930400848,0.9245490431785583,0.03898422792553902,0.12568531930446625,0.22899970412254333,0.03030375763773918,0.0737796202301979,0.0927508994936943,-0.1986561417579651,0.9205676913261414,0.012678184546530247,0.12021127343177795,0.20781530439853668,0.0305082555860281,0.12739934027194977,0.04503906890749931,-0.17224279046058655,0.8796212077140808,0.045885827392339706,0.07987353205680847,0.21287821233272552,0.034452393651008606,0.02214837446808815,0.007369875907897949,-0.0977754294872284,0.9997333288192749,-0.022373763844370842,-0.007972432300448418,0.09947176277637482,0.9986791014671326,-0.3209396302700043,-0.1506718397140503,-0.12172441184520721,0.9343722462654114,-0.3788832724094391,-0.17374515533447266,0.06048623472452164,0.3593314588069916,-0.517792820930481,-0.0023603488225489855,-0.12512479722499847,0.8859356045722961,-0.6632252931594849,-0.06246417015790939,0.09599193930625916,0.30820679664611816,-0.5380967855453491,0.018987007439136505,-0.1273552030324936,0.894353449344635,-0.6996758580207825,-0.05003468692302704,0.09830779582262039,0.48192551732063293,-0.6279231905937195,-0.029545601457357407,-0.17089271545410156,0.8785462975502014,-0.8001395463943481,-0.12234751880168915,0.07109877467155457,0.3727298676967621
0.03201642259955406,-0.44944965839385986,0.03917952999472618,0.997935950756073,0.030329950153827667,-0.49501022696495056,0.03501163050532341,0.99805748462677,0.03075319528579712,-0.4950413107872009,0.03577672690153122,0.9981359243392944,0.030405018478631973,-0.49568411707878113,0.03548377752304077,0.9987586736679077,0.02087881602346897,-0.4869775176048279,0.0669662207365036,0.9967925548553467,0.0214904323220253,-0.4874342978000641,0.06642798334360123,0.9956185817718506,0.021510446444153786,-0.48892590403556824,0.06710396707057953,0.995904266834259,0.1286780685186386,-0.5171937942504883,-0.006886070594191551,0.9985368251800537,0.08600957691669464,-0.5011391639709473,0.1261727511882782,0.9924311637878418,0.08575530350208282,-0.4377578794956207,0.03201015293598175,0.9982882738113403,0.07053563743829727,-0.4311666488647461,0.0704699158668518,0.9951673746109009,0.25385573506355286,-0.3727067708969116,-0.07131896913051605,0.9999933838844299,0.12012241035699844,-0.3539290726184845,0.20253179967403412,0.9974267482757568,0.31679704785346985,-0.1587640941143036,-0.14835233986377716,0.9930166006088257,0.1269012689590454,-0.11664743721485138,0.26718389987945557,0.024727964773774147,0.23311355710029602,0.04839792102575302,-0.1984676569700241,0.9638740420341492,0.010549107566475868,0.04938209056854248,0.21376655995845795,0.029088808223605156,0.20555399358272552,0.11586891114711761,-0.2501720190048218,0.9300967454910278,-0.009869295172393322,0.10887206345796585,0.21903809905052185,0.03553535416722298,0.15019109845161438,0.11614277213811874,-0.24523890018463135,0.9265405535697937,-0.03207830339670181,0.10640741139650345,0.1963125765323639,0.03594408556818962,0.20629048347473145,0.06547081470489502,-0.1998499482870102,0.8881944417953491,0.002589284908026457,0.0638757273554802,0.20176559686660767,0.04000047221779823,0.023573433980345726,0.007504553534090519,-0.09762883931398392,0.9997360110282898,-0.024012237787246704,-0.008127490989863873,0.09928545355796814,0.9987010955810547,-0.3236488699913025,-0.1697615385055542,-0.12795916199684143,0.9379156827926636,-0.3786303400993347,-0.18231384456157684,0.06263095885515213,0.38566216826438904,-0.50724196434021,0.014753895811736584,-0.12364192306995392,0.8954076170921326,-0.605621874332428,-0.03734230995178223,0.10047908872365952,0.3339276611804962,-0.5254673957824707,0.039896734058856964,-0.12446076422929764,0.9011533856391907,-0.6344794034957886,-0.02128536067903042,0.10236962884664536,0.5009364485740662,-0.6250242590904236,-0.004959664773195982,-0.17215614020824432,0.8880292177200317,-0.7386108040809631,-0.07134605944156647,0.07844078540802002,0.40225163102149963
0.05417096987366676,-0.45395106077194214,0.03404397517442703,0.9981287121772766,0.0567285381257534,-0.4996006488800049,0.024238647893071175,0.9982377290725708,0.05712665244936943,-0.4995873272418976,0.02498031035065651,0.9983094334602356,0.056871067732572556,-0.5002378225326538,0.024659501388669014,0.9988738298416138,0.045389000326395035,-0.4918099343776703,0.056703485548496246,0.9970886707305908,0.04604426771402359,-0.4922732412815094,0.05605235695838928,0.9960270524024963,0.04619463533163071,-0.49373623728752136,0.056642696261405945,0.9962888360023499,0.16003920137882233,-0.5171838402748108,-0.012823985889554024,0.9986755847930908,0.11065033078193665,-0.5020115375518799,0.12246114760637283,0.9931421875953674,0.1084580048918724,-0.43926802277565,0.022230755537748337,0.9984536170959473,0.0911717638373375,-0.4335126578807831,0.06133721023797989,0.9956259727478027,0.2896505296230316,-0.37022531032562256,-0.06483953446149826,0.9999940395355225,0.1223374605178833,-0.35430777072906494,0.20017550885677338,0.99764484167099,0.36472511291503906,-0.1579616516828537,-0.14436057209968567,0.993647575378418,0.11023340374231339,-0.11953425407409668,0.2698897123336792,0.03304040804505348,0.2975912392139435,0.051420871168375015,-0.20897722244262695,0.966947615146637,0.006990763358771801,0.054996248334646225,0.21009738743305206,0.038345009088516235,0.27052220702171326,0.11467203497886658,-0.2651319205760956,0.9355021715164185,-0.014497732743620872,0.11519093066453934,0.21344521641731262,0.04400100186467171,0.21871201694011688,0.1145189106464386,-0.2640663981437683,0.9323390126228333,-0.032340534031391144,0.11358508467674255,0.1900455504655838,0.04496855288743973,0.2722521722316742,0.06820130348205566,-0.21316678822040558,0.8964336514472961,0.0010997668141499162,0.07081495225429535,0.19739440083503723,0.048577308654785156,0.02885006181895733,0.009235148318111897,-0.09530511498451233,0.9997549057006836,-0.029497802257537842,-0.00986397173255682,0.09687506407499313,0.9988027215003967,-0.3154083788394928,-0.17572979629039764,-0.14626765251159668,0.9428890943527222,-0.37328237295150757,-0.18468692898750305,0.06423131376504898,0.4250084161758423,-0.4819343090057373,0.039970509707927704,-0.1207590326666832,0.9030170440673828,-0.699682354927063,-0.10382859408855438,0.08727334439754486,0.3813481628894806,-0.49878931045532227,0.07100305706262589,-0.12294754385948181,0.9049584269523621,-0.740374743938446,-0.09264913946390152,0.08786343038082123,0.530878484249115,-0.5687785744667053,0.06063828244805336,-0.15634049475193024,0.8956549167633057,-0.847296953201294,-0.15692399442195892,0.06203196942806244,0.4470841884613037
0.07968884706497192,-0.4495411515235901,0.040502846240997314,0.9983058571815491,0.07851500064134598,-0.49622392654418945,0.03309120237827301,0.9984071850776672,0.07886721193790436,-0.49616122245788574,0.0339716337621212,0.9984734654426575,0.07872749119997025,-0.4969334304332733,0.03380570188164711,0.9989827871322632,0.06772635132074356,-0.4878377616405487,0.06398438662290573,0.9973678588867188,0.06847415864467621,-0.48810774087905884,0.06334354728460312,0.9964104294776917,0.0686066597700119,-0.4896668493747711,0.06404831260442734,0.9966449737548828,0.17408083379268646,-0.5137908458709717,0.014339933171868324,0.9988052845001221,0.128239244222641,-0.4956759512424469,0.14336133003234863,0.9938060641288757,0.13250494003295898,-0.43400704860687256,0.03277871012687683,0.9986039400100708,0.11571484059095383,-0.4274556338787079,0.07015740126371384,0.9960378408432007,0.3067556321620941,-0.3663494288921356,-0.03764243796467781,0.9999946355819702,0.14441052079200745,-0.34217455983161926,0.21650905907154083,0.9977171421051025,0.42785415053367615,-0.16129101812839508,-0.11512395739555359,0.9942582249641418,0.1779797524213791,-0.09833578020334244,0.3095932602882385,0.03629505634307861,0.3916211724281311,0.047068361192941666,-0.19412566721439362,0.9701256155967712,0.10279557853937149,0.07998767495155334,0.2971911132335663,0.04257533699274063,0.36739638447761536,0.10777288675308228,-0.24781367182731628,0.9415094256401062,0.08299601823091507,0.1429295837879181,0.30531811714172363,0.047743458300828934,0.3112119138240814,0.10940021276473999,-0.24019144475460052,0.9386454820632935,0.05829637870192528,0.1432620733976364,0.278214693069458,0.04875337332487106,0.3654100000858307,0.06500058621168137,-0.193772554397583,0.9058092832565308,0.09410684555768967,0.09650782495737076,0.2861025035381317,0.05172189325094223,0.031721558421850204,0.010104089044034481,-0.09479936957359314,0.9997650384902954,-0.032423123717308044,-0.010806353762745857,0.09638971090316772,0.9987905621528625,-0.3040071427822113,-0.20609453320503235,-0.19009877741336823,0.9479328393936157,-0.36513635516166687,-0.20037105679512024,0.03193308040499687,0.4687511920928955,-0.5170473456382751,-0.02307840995490551,-0.23798905313014984,0.9114561080932617,-0.6969770789146423,-0.1318696290254593,-0.016438405960798264,0.4186002314090729,-0.543353796005249,0.004196624271571636,-0.24529628455638885,0.910198986530304,-0.737941563129425,-0.12176806479692459,-0.021715203300118446,0.5522071719169617,-0.6482119560241699,-0.053709112107753754,-0.3129551410675049,0.9040427207946777,-0.8365125060081482,-0.2010456621646881,-0.0554950088262558,0.4825339913368225
0.10286298394203186,-0.42398160696029663,0.08197180181741714,0.9984670281410217,0.10366473346948624,-0.47289666533470154,0.08033629506826401,0.9985607862472534,0.10404257476329803,-0.47294148802757263,0.08140606433153152,0.9986218214035034,0.10394654422998428,-0.4736890196800232,0.081409752368927,0.9990813732147217,0.0885557234287262,-0.46159157156944275,0.10871873050928116,0.9976227879524231,0.08935914933681488,-0.4617927074432373,0.10806740820407867,0.9967588782310486,0.0896766185760498,-0.46331167221069336,0.10881359130144119,0.9969690442085266,0.20395517349243164,-0.494864284992218,0.08276217430830002,0.9989219903945923,0.1417662352323532,-0.4609948694705963,0.20240694284439087,0.994411051273346,0.15704266726970673,-0.40878361463546753,0.08199231326580048,0.9987387657165527,0.13487450778484344,-0.39804211258888245,0.11625850945711136,0.9964087605476379,0.33541589975357056,-0.34861475229263306,0.027864066883921623,0.9999951720237732,0.14822624623775482,-0.29823559522628784,0.2594631016254425,0.9978317022323608,0.42924436926841736,-0.14868932962417603,-0.07300333678722382,0.9947697520256042,0.16865763068199158,-0.038967229425907135,0.32745641469955444,0.04122340679168701,0.42599067091941833,0.062346894294023514,-0.19227702915668488,0.9729510545730591,0.08666171878576279,0.14252255856990814,0.2956974506378174,0.05227432772517204,0.41761842370033264,0.11734265834093094,-0.24572661519050598,0.9469026327133179,0.06880834698677063,0.205164834856987,0.3014872372150421,0.05774001404643059,0.3741391599178314,0.12537403404712677,-0.23757214844226837,0.9443143606185913,0.04594901576638222,0.2049420028924942,0.2749633491039276,0.058927983045578,0.40699517726898193,0.08291302621364594,-0.19206112623214722,0.9142951965332031,0.07879282534122467,0.15847279131412506,0.2844931185245514,0.06084955856204033,0.036823730915784836,0.009129907004535198,-0.09444908052682877,0.9997748136520386,-0.03752688318490982,-0.009852800518274307,0.09601805359125137,0.9988272786140442,-0.29671338200569153,-0.2129310965538025,-0.18549691140651703,0.952231764793396,-0.3715464472770691,-0.18756349384784698,0.035317614674568176,0.5102670788764954,-0.5580196976661682,-0.07331941276788712,-0.23082196712493896,0.918114423751831,-0.7107920050621033,-0.12517745792865753,0.0025897857267409563,0.4512087404727936,-0.591823160648346,-0.05122675746679306,-0.23732304573059082,0.9151269793510437,-0.7537838220596313,-0.11614950746297836,-0.0028006320353597403,0.5755822062492371,-0.691470205783844,-0.1412051022052765,-0.31550636887550354,0.9100836515426636,-0.8564711213111877,-0.2019742876291275,-0.0397629477083683,0.5137198567390442
0.11854810267686844,-0.40714603662490845,0.09404332935810089,0.998602569103241,0.12218019366264343,-0.4560108184814453,0.09218433499336243,0.9986910223960876,0.12263753265142441,-0.45602893829345703,0.0931631475687027,0.9987493753433228,0.12246385961771011,-0.4568592607975006,0.09323369711637497,0.9991651773452759,0.10548239201307297,-0.44644737243652344,0.11953423172235489,0.9978393316268921,0.10627809911966324,-0.44656747579574585,0.11889249086380005,0.997056245803833,0.10660349577665329,-0.4480467438697815,0.11946653574705124,0.9972428679466248,0.22225800156593323,-0.47684353590011597,0.09771520644426346,0.9990219473838806,0.1534261405467987,-0.45265939831733704,0.2114805430173874,0.9949297308921814,0.17138417065143585,-0.39157137274742126,0.09546438604593277,0.9988507628440857,0.14737090468406677,-0.3836599588394165,0.1279628574848175,0.9967018365859985,0.3465486168861389,-0.3346363604068756,0.04546614736318588,0.9999955892562866,0.1574670523405075,-0.29653072357177734,0.2708463668823242,0.9978072643280029,0.4391138553619385,-0.14084270596504211,-0.06548715382814407,0.9951167106628418,0.17120589315891266,-0.043401069939136505,0.3291681110858917,0.04059005156159401,0.46873027086257935,0.06602168828248978,-0.19200794398784637,0.975269615650177,0.09765153378248215,0.1291925460100174,0.2893207371234894,0.05506062135100365,0.4741456210613251,0.11761301755905151,-0.24443167448043823,0.9512287974357605,0.08684419095516205,0.18639297783374786,0.2975018620491028,0.06169964373111725,0.4338594377040863,0.12806716561317444,-0.23682358860969543,0.9489012360572815,0.0688001736998558,0.18769505620002747,0.269906610250473,0.06289197504520416,0.4532117247581482,0.08637109398841858,-0.19223833084106445,0.9211302399635315,0.09221234172582626,0.14520908892154694,0.27800923585891724,0.0645018070936203,0.039655573666095734,0.0076538086868822575,-0.09442064166069031,0.9997631311416626,-0.040226735174655914,-0.00848494190722704,0.09598832577466965,0.9986834526062012,-0.27761563658714294,-0.2359929382801056,-0.18401287496089935,0.9554628729820251,-0.3673294484615326,-0.1892010122537613,0.04951135814189911,0.5203178524971008,-0.5482476353645325,-0.11450638622045517,-0.2170281708240509,0.9227077960968018,-0.676203727722168,-0.13576582074165344,0.024056771770119667,0.4554133415222168,-0.5820102691650391,-0.09498194605112076,-0.22279073297977448,0.9168277978897095,-0.7180047035217285,-0.1294250786304474,0.02010987140238285,0.5765175223350525,-0.6804052591323853,-0.18912570178508759,-0.2940441071987152,0.9139275550842285,-0.8101133704185486,-0.21989545226097107,-0.016461824998259544,0.5283368229866028
0.13626308739185333,-0.39861640334129333,0.0841980129480362,0.9987331032752991,0.14379866421222687,-0.44740620255470276,0.08325430005788803,0.9988134503364563,0.14419524371623993,-0.4473658800125122,0.0842270702123642,0.9988684058189392,0.14402928948402405,-0.44818347692489624,0.08426778018474579,0.9992435574531555,0.12340661138296127,-0.43904680013656616,0.10960867255926132,0.9980422854423523,0.12422282248735428,-0.4391421377658844,0.10886829346418381,0.9973340034484863,0.12455540150403976,-0.4404905438423157,0.10948873311281204,0.9974986910820007,0.24536965787410736,-0.4653778076171875,0.09943995624780655,0.9991140365600586,0.16095992922782898,-0.4463046193122864,0.2062045931816101,0.9954158663749695,0.18800723552703857,-0.3816581070423126,0.08868450671434402,0.9989559650421143,0.159578338265419,-0.37543198466300964,0.11951332539319992,0.9969909191131592,0.36008256673812866,-0.32550179958343506,0.05504075810313225,0.9999960064888,0.16122949123382568,-0.2920859754085541,0.2690427005290985,0.997751772403717,0.4797704517841339,-0.14416815340518951,-0.06384588032960892,0.9954276084899902,0.16548728942871094,-0.056294035166502,0.340653657913208,0.0411381870508194,0.5361440777778625,0.06124184653162956,-0.19268420338630676,0.977339506149292,0.08883897215127945,0.10914021730422974,0.3387017250061035,0.05799753963947296,0.5527779459953308,0.11269956827163696,-0.24298040568828583,0.9550320506095886,0.07944419980049133,0.16567982733249664,0.3589180111885071,0.06512995809316635,0.5115042328834534,0.1238541528582573,-0.23710477352142334,0.9529434442520142,0.06102290004491806,0.1660027652978897,0.33179906010627747,0.06608149409294128,0.5213857293128967,0.08202072232961655,-0.19360443949699402,0.9272612929344177,0.08288533985614777,0.12457817792892456,0.32957923412323,0.06746096163988113,0.04063823074102402,0.007136897649616003,-0.09417403489351273,0.999754011631012,-0.041203562170267105,-0.00802137702703476,0.09566289186477661,0.9984747171401978,-0.26961275935173035,-0.26816001534461975,-0.1825384795665741,0.9585590958595276,-0.32461652159690857,-0.2078178972005844,0.05050108954310417,0.5264723300933838,-0.567892849445343,-0.14398211240768433,-0.22251462936401367,0.9274150729179382,-0.648591935634613,-0.13865289092063904,0.021772030740976334,0.4534195065498352,-0.6038315892219543,-0.12406746298074722,-0.22826437652111053,0.9191023111343384,-0.6860249042510986,-0.12984012067317963,0.017532818019390106,0.5689375400543213,-0.702384352684021,-0.21920046210289001,-0.29732975363731384,0.9179835915565491,-0.7778608202934265,-0.2110641747713089,-0.02357272244989872,0.5362440943717957
0.14403827488422394,-0.4119669497013092,0.07092857360839844,0.9987974166870117,0.15319561958312988,-0.45958277583122253,0.07935864478349686,0.9988784790039062,0.15365362167358398,-0.4595581889152527,0.08035682141780853,0.9989396333694458,0.15348409116268158,-0.4603652358055115,0.08037900924682617,0.999284565448761,0.13469265401363373,-0.45204925537109375,0.09959953278303146,0.9981680512428284,0.1356339305639267,-0.45217618346214294,0.09886947274208069,0.9975115656852722,0.13595882058143616,-0.4535621404647827,0.09933146834373474,0.9976480603218079,0.25161629915237427,-0.4712897539138794,0.07391895353794098,0.999168336391449,0.17422732710838318,-0.45616671442985535,0.19680830836296082,0.9957457184791565,0.19233901798725128,-0.3930794298648834,0.08427736163139343,0.9989830851554871,0.16612187027931213,-0.3879932165145874,0.11214542388916016,0.9970031380653381,0.36200767755508423,-0.3217165172100067,0.030988680198788643,0.9999961853027344,0.16933274269104004,-0.2993679344654083,0.2632324993610382,0.9970030784606934,0.5019654631614685,-0.14682863652706146,-0.07557517290115356,0.9956862330436707,0.16271834075450897,-0.06147247552871704,0.2541936933994293,0.0414540097117424,0.5913069844245911,0.05586504191160202,-0.19319294393062592,0.9791776537895203,0.09338878840208054,0.11152001470327377,0.13440962135791779,0.0617041178047657,0.6191903948783875,0.10188398510217667,-0.242593452334404,0.9581803679466248,0.0914837196469307,0.16398850083351135,0.13525664806365967,0.07003739476203918,0.5923371315002441,0.11970696598291397,-0.2374124675989151,0.9563331604003906,0.08044353127479553,0.16611836850643158,0.10878034681081772,0.07075338810682297,0.5842399001121521,0.07530708611011505,-0.19463250041007996,0.9323287606239319,0.08984976261854172,0.12882117927074432,0.12196619808673859,0.0718054324388504,0.040389254689216614,0.007220318075269461,-0.09312934428453445,0.999701201915741,-0.04094739258289337,-0.008085799403488636,0.09460285305976868,0.9980054497718811,-0.2835502326488495,-0.2221578061580658,-0.14829806983470917,0.9602466225624084,-0.3254963159561157,-0.19055289030075073,0.07026766240596771,0.5116468667984009,-0.6292228102684021,-0.12582780420780182,-0.18200702965259552,0.9293144345283508,-0.6686394214630127,-0.11093305796384811,0.06638225167989731,0.44019433856010437,-0.6693899631500244,-0.11118058115243912,-0.1896633505821228,0.9193603992462158,-0.7123163342475891,-0.10302062332630157,0.06390932202339172,0.5533832311630249,-0.7444233894348145,-0.21701519191265106,-0.28095921874046326,0.918675422668457,-0.7874117493629456,-0.19696246087551117,0.005225531756877899,0.529876172542572
0.14517323672771454,-0.4074980616569519,0.021494185552001,0.9988769292831421,0.15238557755947113,-0.4557158946990967,0.02658713422715664,0.9989578127861023,0.15291140973567963,-0.4556705951690674,0.02743915282189846,0.9990180134773254,0.15276813507080078,-0.45656922459602356,0.027524203062057495,0.9993345737457275,0.13428394496440887,-0.448953241109848,0.04708141088485718,0.998313844203949,0.1352526694536209,-0.4490055739879608,0.04636567831039429,0.9977092742919922,0.13567619025707245,-0.4503871500492096,0.04699091985821724,0.9978299140930176,0.24894022941589355,-0.4656102955341339,0.05328905209898949,0.9992295503616333,0.1719263643026352,-0.4555875062942505,0.14564555883407593,0.9960895776748657,0.19301842153072357,-0.3881112337112427,0.03678544610738754,0.9990230202674866,0.16719797253608704,-0.3847428560256958,0.06125440448522568,0.9971075057983398,0.35756903886795044,-0.3168925940990448,0.01641545630991459,0.9999961256980896,0.17408595979213715,-0.30363109707832336,0.2161543071269989,0.9966650605201721,0.516275942325592,-0.15726271271705627,-0.07600823044776917,0.9959739446640015,0.16647109389305115,-0.06649374216794968,0.20619948208332062,0.053342342376708984,0.638025164604187,0.0058527858927845955,-0.16108402609825134,0.980889081954956,0.13606548309326172,0.10541179776191711,0.08270981907844543,0.07292405515909195,0.6729682087898254,0.0361296646296978,-0.20020659267902374,0.9610087275505066,0.14894257485866547,0.1571573168039322,0.08318772912025452,0.07951313257217407,0.6545554995536804,0.04746890440583229,-0.19627662003040314,0.9593806266784668,0.14299477636814117,0.15840160846710205,0.0593426339328289,0.08002667874097824,0.6353580355644226,0.023218408226966858,-0.1619708389043808,0.9368893504142761,0.13678361475467682,0.1220749020576477,0.07151907682418823,0.07998327165842056,0.04025453329086304,0.008176598697900772,-0.08998554944992065,0.9996747970581055,-0.04081933572888374,-0.00908909272402525,0.09147803485393524,0.9977587461471558,-0.27734851837158203,-0.2165178656578064,-0.1511191725730896,0.9630232453346252,-0.32386094331741333,-0.1866246908903122,0.058619167655706406,0.514678955078125,-0.6028998494148254,-0.09587320685386658,-0.2094799131155014,0.9333141446113586,-0.6786566376686096,-0.10651760548353195,0.004312415141612291,0.4566916227340698,-0.6412161588668823,-0.07760505378246307,-0.21883782744407654,0.9221195578575134,-0.7248790860176086,-0.09571576118469238,-0.003404899500310421,0.5605606436729431,-0.7234187126159668,-0.16317492723464966,-0.31672850251197815,0.9235782027244568,-0.8016866445541382,-0.15967777371406555,-0.07186739891767502,0.554091215133667
0.13191503286361694,-0.39190909266471863,0.04113505780696869,0.9989756345748901,0.13761289417743683,-0.4393627643585205,0.04710822179913521,0.9990475177764893,0.13809768855571747,-0.43934309482574463,0.04794077202677727,0.9991039037704468,0.1380099356174469,-0.44023504853248596,0.04822267219424248,0.9993922710418701,0.12066393345594406,-0.4326901137828827,0.06746671348810196,0.99846351146698,0.12161269038915634,-0.4326598644256592,0.06679145246744156,0.9979113340377808,0.12201718240976334,-0.4340202510356903,0.06739185750484467,0.9980211853981018,0.2355080097913742,-0.45048126578330994,0.07141265273094177,0.9992954134941101,0.1639614999294281,-0.4384661316871643,0.16123731434345245,0.996443510055542,0.1815004050731659,-0.3728869557380676,0.054623451083898544,0.9990982413291931,0.15677665174007416,-0.36936962604522705,0.07818850129842758,0.9973337650299072,0.3565807342529297,-0.3031279146671295,0.03495438024401665,0.9999963641166687,0.17101888358592987,-0.3014565706253052,0.21706314384937286,0.9965426921844482,0.5084553360939026,-0.156742125749588,-0.045899420976638794,0.9963312745094299,0.12561243772506714,-0.06844434142112732,0.2096344381570816,0.06914447993040085,0.6406256556510925,0.006143203005194664,-0.12044957280158997,0.9825916886329651,0.03293078765273094,0.06749889254570007,0.10985024273395538,0.0763307511806488,0.6784063577651978,0.04009656608104706,-0.1539163738489151,0.9640710353851318,0.022609911859035492,0.10836687684059143,0.10217566788196564,0.08100797981023788,0.6636280417442322,0.05196860060095787,-0.15399160981178284,0.9626286029815674,0.015562012791633606,0.10579685121774673,0.0816740021109581,0.08164471387863159,0.6391476392745972,0.02495638094842434,-0.12361781299114227,0.9417924880981445,0.027481259778141975,0.08245094865560532,0.09851844608783722,0.08181527256965637,0.040403813123703,0.008335220627486706,-0.0873696580529213,0.9996874928474426,-0.04093001037836075,-0.009280433878302574,0.0888831838965416,0.9978281855583191,-0.28612133860588074,-0.20379768311977386,-0.15567290782928467,0.9658364653587341,-0.32461273670196533,-0.17609380185604095,0.02696002833545208,0.539113461971283,-0.5985138416290283,-0.07749219238758087,-0.22945770621299744,0.936855137348175,-0.6694498062133789,-0.05939268320798874,-0.04094633832573891,0.4765126705169678,-0.6344465017318726,-0.04994957894086838,-0.2384977638721466,0.9247346520423889,-0.7130686640739441,-0.04100506752729416,-0.04936278611421585,0.5811859965324402,-0.7352659106254578,-0.13470394909381866,-0.3296162486076355,0.9271616339683533,-0.7904083728790283,-0.1074543446302414,-0.11481083184480667,0.5757762789726257
0.1237068772315979,-0.39834094047546387,0.019517939537763596,0.9990541934967041,0.1296491026878357,-0.4466649889945984,0.02206535078585148,0.9991129636764526,0.1300840526819229,-0.44663292169570923,0.02283993922173977,0.9991672039031982,0.1299772560596466,-0.4475308954715729,0.02305852249264717,0.9994332790374756,0.11514489352703094,-0.44022896885871887,0.04416641220450401,0.9985800385475159,0.11604708433151245,-0.4402550458908081,0.04343769699335098,0.9980677366256714,0.11628761887550354,-0.4416278600692749,0.04406049847602844,0.998166561126709,0.22670716047286987,-0.4593621790409088,0.042736995965242386,0.9993448257446289,0.16113829612731934,-0.4463559091091156,0.13269776105880737,0.9967135190963745,0.17367927730083466,-0.3805375397205353,0.028876617550849915,0.9991447925567627,0.150181382894516,-0.37754812836647034,0.054120078682899475,0.997474193572998,0.3499724864959717,-0.3118152618408203,0.012038466520607471,0.9999964833259583,0.1686449497938156,-0.30625733733177185,0.19696925580501556,0.9964504837989807,0.5014930963516235,-0.18055890500545502,-0.06153734773397446,0.9966562390327454,0.129372701048851,-0.07662251591682434,0.21802395582199097,0.0748639926314354,0.6341468691825867,-0.02802850678563118,-0.13911837339401245,0.9841876029968262,0.04681403934955597,0.06386969983577728,0.13783487677574158,0.07890202850103378,0.6729512810707092,0.0031095826998353004,-0.17674730718135834,0.9670205116271973,0.04310983046889305,0.10304863750934601,0.1418592631816864,0.08198057860136032,0.6543586254119873,0.014265078119933605,-0.17369365692138672,0.9657642841339111,0.03664524853229523,0.10160088539123535,0.11568968743085861,0.08281604200601578,0.6323435306549072,-0.00933611486107111,-0.14126870036125183,0.9465261697769165,0.042621713131666183,0.07920978963375092,0.12531302869319916,0.08285187929868698,0.04035656526684761,0.010568874888122082,-0.08748788386583328,0.9996681809425354,-0.04085620492696762,-0.011667159385979176,0.08899720013141632,0.9977244734764099,-0.28598976135253906,-0.19183602929115295,-0.14992426335811615,0.9684008359909058,-0.32367247343063354,-0.1628471165895462,0.029601696878671646,0.5456733107566833,-0.5802682042121887,-0.0534600131213665,-0.21337388455867767,0.938857913017273,-0.6759727597236633,-0.03352406248450279,-0.013700461946427822,0.4930981993675232,-0.612758457660675,-0.019532520323991776,-0.22197388112545013,0.923816978931427,-0.7210245728492737,-0.014752269722521305,-0.01941663958132267,0.592854917049408,-0.7161799073219299,-0.06131301447749138,-0.3130904734134674,0.9301471710205078,-0.8061286211013794,-0.0804547443985939,-0.07813387364149094,0.5957117676734924
0.11714822798967361,-0.42320019006729126,-0.042723819613456726,0.9989356994628906,0.11996475607156754,-0.4751935303211212,-0.044401489198207855,0.9989558458328247,0.12029609829187393,-0.47506198287010193,-0.04365188255906105,0.9990679621696472,0.1201983392238617,-0.4758937358856201,-0.04354602470993996,0.999327540397644,0.1004924476146698,-0.46819987893104553,-0.01759640872478485,0.9984468817710876,0.10139866918325424,-0.4683287441730499,-0.01852289028465748,0.9979281425476074,0.10163523256778717,-0.469624787569046,-0.018046241253614426,0.9979791045188904,0.22526514530181885,-0.48780015110969543,-0.0323360301554203,0.999228298664093,0.14390228688716888,-0.4756793677806854,0.0777561292052269,0.9965692162513733,0.172821506857872,-0.4029548466205597,-0.038095615804195404,0.998843789100647,0.14477978646755219,-0.40038391947746277,-0.006125344894826412,0.9965087175369263,0.3467779755592346,-0.31804773211479187,-0.03391387313604355,0.9999933242797852,0.16221682727336884,-0.33015432953834534,0.14372025430202484,0.9947322607040405,0.5172432661056519,-0.21956996619701385,-0.13137060403823853,0.9966355562210083,0.13113656640052795,-0.08624587208032608,0.18572476506233215,0.07225479185581207,0.6680900454521179,-0.09576965868473053,-0.2252204865217209,0.9849162697792053,0.1213509663939476,0.06483243405818939,0.11315072327852249,0.07802696526050568,0.7091004848480225,-0.077742800116539,-0.2633257806301117,0.9678894877433777,0.13784055411815643,0.1056554839015007,0.11963555216789246,0.08114989101886749,0.6930777430534363,-0.07000833749771118,-0.2592456340789795,0.966902494430542,0.13393840193748474,0.10432363301515579,0.0989418774843216,0.08200366795063019,0.668491780757904,-0.08218484371900558,-0.22788368165493011,0.9479637145996094,0.12422172725200653,0.07961546629667282,0.10406015813350677,0.08180983364582062,0.040045130997896194,0.020600799471139908,-0.08741173893213272,0.9995718002319336,-0.040569376200437546,-0.02167757973074913,0.08884134888648987,0.9973755478858948,-0.28471410274505615,-0.17540448904037476,-0.1247110515832901,0.9696820974349976,-0.3002152144908905,-0.17077286541461945,0.04952646791934967,0.5606386661529541,-0.562317967414856,-0.046462979167699814,-0.11670307070016861,0.9414494037628174,-0.6349517703056335,-0.0013868216192349792,0.07090342789888382,0.5145223140716553,-0.5943582653999329,-0.02050148695707321,-0.11871412396430969,0.9250633716583252,-0.6793974041938782,0.023364903405308723,0.07059895247220993,0.6080033183097839,-0.7110938429832458,-0.07294611632823944,-0.20297716557979584,0.9334322214126587,-0.8022127151489258,-0.03127769008278847,0.017587127164006233,0.615471363067627
0.10067068785429001,-0.4234551191329956,-0.023507870733737946,0.9990334510803223,0.09885364770889282,-0.47665175795555115,-0.02599720098078251,0.9990522265434265,0.09933510422706604,-0.4765378534793854,-0.02519114501774311,0.9991543889045715,0.09926673769950867,-0.47740620374679565,-0.02512204460799694,0.9993885159492493,0.08086893707513809,-0.46920913457870483,0.0009916999842971563,0.9985923767089844,0.08185356855392456,-0.46937209367752075,0.00015434174565598369,0.9981223344802856,0.08215969055891037,-0.4706743061542511,0.0006583397625945508,0.9981676936149597,0.20429092645645142,-0.49553436040878296,-0.017841434106230736,0.9993003606796265,0.127403125166893,-0.4830416142940521,0.09302639961242676,0.9968993067741394,0.15765723586082458,-0.40463656187057495,-0.020325997844338417,0.9989354014396667,0.13098852336406708,-0.4014791250228882,0.011738020926713943,0.9967880249023438,0.34077024459838867,-0.3362181782722473,-0.032178133726119995,0.9999932646751404,0.16153556108474731,-0.33413952589035034,0.15928000211715698,0.9948737025260925,0.5047431588172913,-0.23833245038986206,-0.1112992987036705,0.9967895746231079,0.19801642000675201,-0.08149141073226929,0.172346830368042,0.08218110352754593,0.6891641616821289,-0.09712979197502136,-0.1773441880941391,0.9860457181930542,0.247492715716362,0.12243589758872986,0.06919831782579422,0.08888164162635803,0.7361657619476318,-0.07848597317934036,-0.21197155117988586,0.9699097275733948,0.27112093567848206,0.16952164471149445,0.07181326299905777,0.08910026401281357,0.7230076789855957,-0.06778381764888763,-0.2070755660533905,0.969089925289154,0.2690518796443939,0.16427578032016754,0.05564194545149803,0.08968783169984818,0.6928524374961853,-0.08105366677045822,-0.17715874314308167,0.9512807130813599,0.25402456521987915,0.13683556020259857,0.06107733026146889,0.08892591297626495,0.03930932283401489,0.019196541979908943,-0.08738461136817932,0.9995221495628357,-0.039823003113269806,-0.020382674410939217,0.08880964666604996,0.9972789883613586,-0.2515653669834137,-0.16353262960910797,-0.12436669319868088,0.9709656238555908,-0.3226368725299835,-0.11733441799879074,0.06994609534740448,0.5662059783935547,-0.49622979760169983,0.027266204357147217,-0.12103643268346786,0.9425137639045715,-0.6021976470947266,0.1278654783964157,0.05022169649600983,0.522408127784729,-0.5267723202705383,0.057317640632390976,-0.13284838199615479,0.9261638522148132,-0.6380677819252014,0.15684084594249725,0.043584562838077545,0.6161728501319885,-0.6490760445594788,0.012907766737043858,-0.2144569754600525,0.9360653162002563,-0.7564786672592163,0.11872724443674088,-0.004716300405561924,0.6262744665145874
0.07996845245361328,-0.45079854130744934,-0.009594039991497993,0.9991167783737183,0.07591401785612106,-0.5050420165061951,-0.015315092168748379,0.9991316199302673,0.07649455219507217,-0.5049172639846802,-0.014518232084810734,0.9992262721061707,0.07635577023029327,-0.5057423710823059,-0.014311065897345543,0.9994379281997681,0.06106557324528694,-0.4965764284133911,0.014946001581847668,0.998712420463562,0.061928339302539825,-0.4967672824859619,0.013967018574476242,0.9982829093933105,0.06217828020453453,-0.49809640645980835,0.014298256486654282,0.9983236789703369,0.1800529509782791,-0.5286308526992798,-0.013183333911001682,0.9993594884872437,0.11424311995506287,-0.5129706263542175,0.10211670398712158,0.997178852558136,0.1373385190963745,-0.43414926528930664,-0.01316793728619814,0.9990094304084778,0.11452244967222214,-0.4293361306190491,0.022903436794877052,0.9970107674598694,0.32471176981925964,-0.3663235008716583,-0.030573826283216476,0.9999933838844299,0.16083011031150818,-0.3548438251018524,0.16222213208675385,0.9951748251914978,0.4606305956840515,-0.23100179433822632,-0.14234697818756104,0.9969509840011597,0.20021101832389832,-0.11623186618089676,0.2193513810634613,0.0888042151927948,0.5874232053756714,-0.0726192370057106,-0.253839910030365,0.9867662191390991,0.21906045079231262,0.07413400709629059,0.1838163137435913,0.09346876293420792,0.6234430074691772,-0.04395390301942825,-0.29278263449668884,0.9711551070213318,0.23596107959747314,0.1204427033662796,0.19321425259113312,0.09318365156650543,0.6047139167785645,-0.03460833430290222,-0.2844061255455017,0.970528244972229,0.22954730689525604,0.11309301853179932,0.1730513721704483,0.09390914440155029,0.5850138664245605,-0.05600642412900925,-0.25312694907188416,0.9532980918884277,0.22207073867321014,0.08511881530284882,0.1762871891260147,0.09278037399053574,0.03820839896798134,0.017684759572148323,-0.08958209306001663,0.9995290637016296,-0.03871116042137146,-0.018844930455088615,0.09087666124105453,0.9974119663238525,-0.30850550532341003,-0.14978936314582825,-0.11295893788337708,0.9726129174232483,-0.33290642499923706,-0.05838209390640259,0.10191594809293747,0.5736986398696899,-0.4894714951515198,0.06760763376951218,-0.11614605039358139,0.9451447129249573,-0.6045549511909485,0.183802530169487,0.0762670710682869,0.5441296100616455,-0.5095325112342834,0.10181162506341934,-0.12007460743188858,0.9294948577880859,-0.640069842338562,0.21510958671569824,0.071532242000103,0.6326538920402527,-0.6460022330284119,0.11655928939580917,-0.16269193589687347,0.9395051598548889,-0.758158802986145,0.20773902535438538,0.02914763055741787,0.6438001990318298
0.05596376210451126,-0.4953649044036865,-0.00583588657900691,0.9991952776908875,0.054059941321611404,-0.5458978414535522,-0.011909795925021172,0.9992087483406067,0.05468328297138214,-0.545917809009552,-0.011145471595227718,0.9992951154708862,0.054472461342811584,-0.5466009378433228,-0.010991827584803104,0.999485969543457,0.04072193056344986,-0.5395094752311707,0.017316898331046104,0.9988293647766113,0.04150652885437012,-0.5398362874984741,0.016413666307926178,0.9984397292137146,0.041780825704336166,-0.541219174861908,0.016748173162341118,0.9984767436981201,0.15488271415233612,-0.562074601650238,-0.011030275374650955,0.9994168877601624,0.09493388235569,-0.5533808469772339,0.10501018166542053,0.9974399209022522,0.10922912508249283,-0.4775165021419525,-0.007897480390965939,0.999089241027832,0.08913371711969376,-0.47428202629089355,0.027340397238731384,0.9972319602966309,0.2868707776069641,-0.400022029876709,-0.02960219606757164,0.9999926686286926,0.14490585029125214,-0.3923327326774597,0.16553887724876404,0.995549201965332,0.399519145488739,-0.23367170989513397,-0.13833175599575043,0.9969804286956787,0.20769838988780975,-0.14774177968502045,0.20024865865707397,0.12316007912158966,0.4578711986541748,-0.0644899383187294,-0.2600935399532318,0.9866882562637329,0.27205395698547363,0.05319267511367798,0.11015572398900986,0.11437014490365982,0.4686916768550873,-0.030815692618489265,-0.3014742434024811,0.9707964062690735,0.2982594072818756,0.105514757335186,0.1038442999124527,0.10974983125925064,0.4436300992965698,-0.02453112229704857,-0.2937862277030945,0.9704232811927795,0.29779133200645447,0.09640320390462875,0.0851249098777771,0.11051633954048157,0.44914883375167847,-0.04919523373246193,-0.2591360807418823,0.9531248807907104,0.2809543013572693,0.064189113676548,0.1018427237868309,0.10661422461271286,0.03932764008641243,0.017212267965078354,-0.08956049382686615,0.9994918704032898,-0.03978244215250015,-0.018321236595511436,0.0908629521727562,0.9974551796913147,-0.24793143570423126,-0.15089057385921478,-0.16430337727069855,0.9733618497848511,-0.3493925631046295,-0.016772514209151268,0.09759993106126785,0.5945625305175781,-0.41996943950653076,0.07120432704687119,-0.1439521610736847,0.9455174803733826,-0.5867068767547607,0.27461209893226624,0.07372023165225983,0.5629725456237793,-0.4400815963745117,0.1045568436384201,-0.1436328887939453,0.9310522675514221,-0.6170986890792847,0.30939847230911255,0.06884227693080902,0.6464834809303284,-0.5505152344703674,0.10649741441011429,-0.1770107001066208,0.9416064023971558,-0.7401806712150574,0.30315500497817993,0.023886287584900856,0.6566755175590515
0.042354192584753036,-0.48279932141304016,-0.002918059006333351,0.9992514848709106,0.04161098226904869,-0.5330754518508911,-0.009737805463373661,0.9992753863334656,0.04213079810142517,-0.5330761671066284,-0.008979232050478458,0.9993555545806885,0.04214717075228691,-0.5337980389595032,-0.008735651150345802,0.9995303153991699,0.022498756647109985,-0.5259168148040771,0.02022775448858738,0.9989243149757385,0.02333884872496128,-0.5261865258216858,0.01936391182243824,0.9985558986663818,0.02347233146429062,-0.5275917053222656,0.019744709134101868,0.9985914826393127,0.13791503012180328,-0.5506781935691833,0.017172589898109436,0.999470055103302,0.04995997995138168,-0.5390639305114746,0.11431726068258286,0.9976420998573303,0.09358972311019897,-0.46559321880340576,-0.0055767446756362915,0.999155580997467,0.06585928052663803,-0.46136897802352905,0.02941237762570381,0.9973679780960083,0.2761061191558838,-0.4000883996486664,0.011866665445268154,0.9999926686286926,0.08686265349388123,-0.38172370195388794,0.1885758638381958,0.9951421618461609,0.40328577160835266,-0.2381647229194641,-0.10256939381361008,0.997002363204956,0.19958850741386414,-0.1531878411769867,0.20193348824977875,0.1236017569899559,0.4662451446056366,-0.0627884715795517,-0.2519698143005371,0.9874825477600098,0.27558353543281555,0.03664368763566017,0.11996790766716003,0.12133674323558807,0.4749160408973694,-0.026158208027482033,-0.298408180475235,0.972474217414856,0.30391809344291687,0.08746019750833511,0.11641841381788254,0.11596842110157013,0.4634476602077484,-0.015305220149457455,-0.28368106484413147,0.9721872210502625,0.3031196892261505,0.0796213448047638,0.09985312074422836,0.1167924702167511,0.4563208818435669,-0.04414401948451996,-0.2511465847492218,0.9556668400764465,0.2847476303577423,0.04887761175632477,0.11255759745836258,0.11207574605941772,0.054110657423734665,0.017158230766654015,-0.086513951420784,0.999384880065918,-0.054360002279281616,-0.018216433003544807,0.08782501518726349,0.9973883628845215,-0.14070089161396027,-0.08803017437458038,-0.2123798280954361,0.9741411209106445,-0.32061922550201416,-0.03725314140319824,-0.08196265250444412,0.6210999488830566,-0.311754435300827,0.16243623197078705,-0.29577159881591797,0.9461849331855774,-0.4260677397251129,0.2886558771133423,-0.20742781460285187,0.5750018954277039,-0.3325261175632477,0.1983116865158081,-0.30934253334999084,0.9318835139274597,-0.44234272837638855,0.3291914165019989,-0.22121863067150116,0.6592048406600952,-0.457541286945343,0.19143065810203552,-0.3949461579322815,0.9442008137702942,-0.5526964068412781,0.3392038643360138,-0.2896787226200104,0.671367347240448
0.03658952936530113,-0.47623708844184875,-0.011229422874748707,0.9993219971656799,0.03397642448544502,-0.5263153314590454,-0.017452538013458252,0.9993448257446289,0.03458166494965553,-0.526312530040741,-0.01664072461426258,0.9994175434112549,0.03441696986556053,-0.5270729064941406,-0.01662089303135872,0.9995753169059753,0.01630011387169361,-0.51898193359375,0.009989296086132526,0.999026358127594,0.01704615168273449,-0.5192327499389648,0.008954359218478203,0.9986913800239563,0.017112361267209053,-0.5206424593925476,0.009393724612891674,0.9987236857414246,0.12835849821567535,-0.5459563732147217,0.007443839218467474,0.999521791934967,0.0476309098303318,-0.5336917042732239,0.10661108791828156,0.9978709816932678,0.08727651089429855,-0.4596172571182251,-0.008305740542709827,0.9992337822914124,0.06079615652561188,-0.455169141292572,0.02411135844886303,0.9976013898849487,0.26254355907440186,-0.41579392552375793,-0.009263305924832821,0.9999932646751404,0.09957605600357056,-0.39090797305107117,0.18865752220153809,0.9952961206436157,0.41718772053718567,-0.288980633020401,-0.13246043026447296,0.997269868850708,0.2382843792438507,-0.21721453964710236,0.20269843935966492,0.13117071986198425,0.5237185955047607,-0.10452444106340408,-0.26180145144462585,0.9886554479598999,0.32809385657310486,-0.06710343062877655,0.12621235847473145,0.14364328980445862,0.5426232814788818,-0.06966856122016907,-0.30657047033309937,0.9749398231506348,0.35539117455482483,-0.024585619568824768,0.12379693239927292,0.13502688705921173,0.5095785856246948,-0.05143279954791069,-0.3022151589393616,0.9746984243392944,0.3505987823009491,-0.026595359668135643,0.10740968585014343,0.13515301048755646,0.5116873383522034,-0.08322039246559143,-0.2627392113208771,0.9595739245414734,0.33548372983932495,-0.05445566028356552,0.11852824687957764,0.12900540232658386,0.05287337675690651,0.017374729737639427,-0.08808781951665878,0.9993557929992676,-0.05301203578710556,-0.018392575904726982,0.08940722793340683,0.9974318146705627,-0.27366504073143005,-0.039242759346961975,-0.20077618956565857,0.9749019742012024,-0.3125736117362976,-0.05517447739839554,-0.027750669047236443,0.6238914728164673,-0.3449622392654419,0.28573325276374817,-0.1679123491048813,0.9460482597351074,-0.3835516571998596,0.2969086766242981,-0.034243062138557434,0.5643939971923828,-0.3479597568511963,0.33130061626434326,-0.166356161236763,0.9318087100982666,-0.3939192593097687,0.3435381352901459,-0.029557574540376663,0.6565862894058228,-0.4629129469394684,0.39188334345817566,-0.19292747974395752,0.9439030289649963,-0.4958409368991852,0.3970670998096466,-0.060625288635492325,0.6611258387565613
0.0385967381298542,-0.4983676075935364,0.011342201381921768,0.9993711113929749,0.03869493678212166,-0.5442147254943848,0.0041949562728405,0.9994000792503357,0.03931841254234314,-0.5443650484085083,0.005046206992119551,0.9994664788246155,0.039217472076416016,-0.5449539422988892,0.004813687410205603,0.999611496925354,0.02202540449798107,-0.5373297929763794,0.03179130330681801,0.9991042017936707,0.022785300388932228,-0.5376040935516357,0.030617807060480118,0.9987803101539612,0.022940699011087418,-0.5392049551010132,0.031322281807661057,0.9988114833831787,0.13301081955432892,-0.5537096261978149,0.029193036258220673,0.9995660185813904,0.056963589042425156,-0.5444316864013672,0.13393016159534454,0.9980167150497437,0.08647377789020538,-0.48009052872657776,0.01755547523498535,0.9992938041687012,0.06206107512116432,-0.47613510489463806,0.050488363951444626,0.9976946115493774,0.26624783873558044,-0.4238227307796478,0.014781774953007698,0.9999930262565613,0.08409827202558517,-0.4125968813896179,0.2116657942533493,0.9950305819511414,0.42361509799957275,-0.3303147256374359,-0.13350002467632294,0.9974231719970703,0.22438736259937286,-0.25797003507614136,0.20261408388614655,0.12711144983768463,0.5138376355171204,-0.15979239344596863,-0.2650153934955597,0.9893755316734314,0.27837345004081726,-0.11730559915304184,0.07332229614257812,0.13912437856197357,0.5239472985267639,-0.11658566445112228,-0.3040027320384979,0.9763631224632263,0.29772481322288513,-0.07808008790016174,0.06730674207210541,0.13119080662727356,0.4827916622161865,-0.10025902092456818,-0.3024374544620514,0.9761781096458435,0.29138433933258057,-0.06695828586816788,0.05424734205007553,0.1316853016614914,0.4980054497718811,-0.13865402340888977,-0.2646423876285553,0.961825966835022,0.2837896943092346,-0.09851311892271042,0.06709740310907364,0.12655451893806458,0.0654662474989891,0.017639365047216415,-0.08637942373752594,0.999404788017273,-0.06548318266868591,-0.018491694703698158,0.08772297203540802,0.9976163506507874,-0.25959262251853943,-0.05373203754425049,-0.36561328172683716,0.9767433404922485,-0.31414592266082764,0.0643845647573471,-0.10013879835605621,0.6450459957122803,-0.259421169757843,0.31633126735687256,-0.4741065204143524,0.9476728439331055,-0.4192584156990051,0.44667848944664,-0.190522238612175,0.5778668522834778,-0.25596317648887634,0.3680554926395416,-0.4872225224971771,0.9353443384170532,-0.43411675095558167,0.49470826983451843,-0.20309734344482422,0.6674915552139282,-0.35128968954086304,0.4091607928276062,-0.5545358657836914,0.9481834769248962,-0.5497053861618042,0.5214228630065918,-0.26986876130104065,0.6751917004585266
0.029397903010249138,-0.4980109930038452,0.023684756830334663,0.9994056820869446,0.03138204663991928,-0.5430351495742798,0.017059996724128723,0.9994392395019531,0.0319770984351635,-0.5432314276695251,0.01785420812666416,0.9995023608207703,0.03197051212191582,-0.5438278317451477,0.017667628824710846,0.9996379017829895,0.015398308634757996,-0.5361756682395935,0.044568128883838654,0.9991447329521179,0.016195012256503105,-0.5365210175514221,0.04345732554793358,0.9988158345222473,0.016375252977013588,-0.5381860136985779,0.044239602982997894,0.998847484588623,0.12699611485004425,-0.5515137910842896,0.04010936617851257,0.9996008276939392,0.052833545953035355,-0.5437474250793457,0.14817306399345398,0.998073935508728,0.07711578905582428,-0.4801428020000458,0.030484847724437714,0.9993478059768677,0.05325918272137642,-0.47646939754486084,0.0640888512134552,0.9977880716323853,0.26276424527168274,-0.4181651473045349,0.03931036591529846,0.9999930262565613,0.06455852091312408,-0.4145042896270752,0.21094898879528046,0.9953240752220154,0.3924803137779236,-0.304607093334198,-0.13066017627716064,0.997138261795044,0.20365846157073975,-0.22917704284191132,0.19556717574596405,0.1335654854774475,0.4710485637187958,-0.14840738475322723,-0.2686097323894501,0.989200234413147,0.26814550161361694,-0.08009818941354752,0.06602064520120621,0.1489674150943756,0.48575371503829956,-0.11204950511455536,-0.30469006299972534,0.9764367938041687,0.2967296242713928,-0.04141508415341377,0.05970773845911026,0.14055843651294708,0.4544108808040619,-0.09926629066467285,-0.30480170249938965,0.9763321876525879,0.29083749651908875,-0.03730851411819458,0.04864735156297684,0.14197938144207,0.4609139561653137,-0.13091236352920532,-0.2687278389930725,0.9620231986045837,0.27541786432266235,-0.0645342767238617,0.06106122210621834,0.13728788495063782,0.07472186535596848,0.020022086799144745,-0.07466857880353928,0.9994599223136902,-0.07463807612657547,-0.02054651640355587,0.07608561217784882,0.9978313446044922,-0.18991026282310486,-0.028723081573843956,-0.40016287565231323,0.9786888957023621,-0.28037378191947937,0.020035916939377785,-0.15703456103801727,0.6725270748138428,-0.17638058960437775,0.31529080867767334,-0.4423711597919464,0.9508392214775085,-0.34174132347106934,0.3846535086631775,-0.18078380823135376,0.6022615432739258,-0.17269404232501984,0.36313769221305847,-0.4495299458503723,0.9397440552711487,-0.35149630904197693,0.433158278465271,-0.18578290939331055,0.6864153742790222,-0.25175741314888,0.43200045824050903,-0.5304814577102661,0.9523907899856567,-0.4535704553127289,0.4876135587692261,-0.2629600167274475,0.6974285840988159
-0.39504507184028625,-0.48184511065483093,-0.014764510095119476,0.9991652369499207,-0.3967132568359375,-0.5135373473167419,-0.033330515027046204,0.9992601275444031,-0.3966582417488098,-0.5143742561340332,-0.032336752861738205,0.9992774128913879,-0.3969334363937378,-0.5140812993049622,-0.0327412374317646,0.9994761347770691,-0.3992219865322113,-0.511757493019104,-0.004189137369394302,0.9988800883293152,-0.3992461562156677,-0.5130230784416199,-0.00483940914273262,0.9985173344612122,-0.4003807306289673,-0.513896644115448,-0.004104236606508493,0.9986276030540466,-0.3030862808227539,-0.5324451923370361,-0.06096315011382103,0.999393105506897,-0.32377612590789795,-0.5329037308692932,0.05907866731286049,0.9975891709327698,-0.3489551246166229,-0.4772490859031677,-0.023619743064045906,0.9990675449371338,-0.3549477159976959,-0.4711332619190216,0.01305400114506483,0.9975225925445557,-0.17597787082195282,-0.42136532068252563,-0.09030801057815552,0.9999626874923706,-0.22743283212184906,-0.40196484327316284,0.12403266876935959,0.9956177473068237,-0.06623272597789764,-0.2830429971218109,-0.15349769592285156,0.9801713228225708,-0.155022531747818,-0.20432749390602112,0.1471068263053894,0.12230035662651062,-0.09547513723373413,-0.15615683794021606,-0.21039588749408722,0.966084897518158,-0.19567379355430603,-0.0715329647064209,0.08406120538711548,0.14035998284816742,-0.09492401033639908,-0.11815141886472702,-0.231961190700531,0.9483202695846558,-0.19522444903850555,-0.03922160714864731,0.08309514820575714,0.13458853960037231,-0.11982032656669617,-0.1261976957321167,-0.2247343808412552,0.9456921219825745,-0.21672570705413818,-0.043340619653463364,0.06190003454685211,0.13610391318798065,-0.10347142070531845,-0.1515606790781021,-0.20459221303462982,0.9258862137794495,-0.19997026026248932,-0.06539696455001831,0.07204930484294891,0.13265183568000793,0.035657353699207306,-0.003325366647914052,-0.06338639557361603,0.9993242025375366,-0.03551182150840759,0.002344145206734538,0.06477474421262741,0.9976146221160889,0.13849949836730957,-0.07563131302595139,-0.10646024346351624,0.9555031061172485,0.03955765813589096,-0.1287219077348709,0.09555397927761078,0.6213809251785278,0.28118664026260376,-0.1825537383556366,-0.02414640225470066,0.909218430519104,0.13907788693904877,-0.14881521463394165,0.13545839488506317,0.557370662689209,0.30058708786964417,-0.1963711529970169,-0.018032217398285866,0.8923537731170654,0.14797674119472504,-0.15036256611347198,0.13827310502529144,0.642143964767456,0.3085765242576599,-0.18005616962909698,-0.043358709663152695,0.9032698273658752,0.16024494171142578,-0.14439459145069122,0.12443004548549652,0.6481460928916931
-0.28194937109947205,-0.4997148811817169,-0.16169342398643494,0.999049961566925,-0.2827181816101074,-0.5360286235809326,-0.14706970751285553,0.9991558790206909,-0.2825975716114044,-0.5367591381072998,-0.14634662866592407,0.9991429448127747,-0.2829320728778839,-0.5366011261940002,-0.1470368355512619,0.9993709921836853,-0.30636316537857056,-0.5250421166419983,-0.1391901820898056,0.9987196922302246,-0.30627477169036865,-0.5260440111160278,-0.1403045803308487,0.9982595443725586,-0.3071845769882202,-0.526922881603241,-0.13955411314964294,0.9983314275741577,-0.20896901190280914,-0.554624617099762,-0.0640505850315094,0.9992559552192688,-0.3297199308872223,-0.524975061416626,-0.0329410694539547,0.9971004128456116,-0.24470147490501404,-0.4922846853733063,-0.1289367526769638,0.9988633394241333,-0.27791786193847656,-0.4764630198478699,-0.1217116042971611,0.9972485899925232,-0.08376233279705048,-0.437293142080307,-0.07845038920640945,0.9996815323829651,-0.29588648676872253,-0.36515358090400696,0.04343176260590553,0.9936084151268005,0.022143106907606125,-0.3194427192211151,-0.22525545954704285,0.9788954854011536,-0.22357910871505737,-0.19960333406925201,-0.03356156870722771,0.1359684318304062,-0.09898681938648224,-0.31550267338752747,-0.3769846260547638,0.9617000818252563,-0.2332359105348587,-0.18407216668128967,-0.20637628436088562,0.15907354652881622,-0.12231628596782684,-0.30129367113113403,-0.4113043248653412,0.9388603568077087,-0.22289985418319702,-0.18214184045791626,-0.2317710965871811,0.15248942375183105,-0.15482906997203827,-0.3216100037097931,-0.39227765798568726,0.9357055425643921,-0.23873914778232574,-0.2046487033367157,-0.23931193351745605,0.1536775529384613,-0.11759260296821594,-0.3177729547023773,-0.37044820189476013,0.9140034317970276,-0.2321453094482422,-0.19105282425880432,-0.21560265123844147,0.14984223246574402,0.06770099699497223,-0.02120724320411682,-0.048038482666015625,0.9964971542358398,-0.06800802797079086,0.02045287750661373,0.04912256821990013,0.9911482930183411,0.12738697230815887,0.13771748542785645,-0.12626512348651886,0.9113889932632446,-0.050656069070100784,0.14646853506565094,-0.02043452300131321,0.5933020710945129,0.2803914248943329,0.24659325182437897,-0.0609019510447979,0.8357662558555603,0.06670475006103516,0.31054815649986267,0.02912183664739132,0.5301561951637268,0.3066615164279938,0.25937390327453613,-0.05393606796860695,0.8269621133804321,0.079960398375988,0.3369385600090027,0.03353980556130409,0.6180710792541504,0.34121274948120117,0.30963337421417236,-0.09515141695737839,0.827133297920227,0.05168209969997406,0.3946487307548523,-0.03244481235742569,0.6059359908103943
